[
  {
    "id": "dbe9ea5d-4969-4688-93a9-65fc4960fac1",
    "data": [
      {
        "text": "Until when do we have to hand in ",
        "userDefined": false
      },
      {
        "text": "part 2",
        "meta": "@sys.ignore",
        "userDefined": false
      },
      {
        "text": "?",
        "userDefined": false
      }
    ],
    "isTemplate": false,
    "count": 0,
    "updated": 0
  },
  {
    "id": "200620ad-05fa-47cc-95e4-2a8481868862",
    "data": [
      {
        "text": "Until when do we have to hand in ",
        "userDefined": false
      },
      {
        "text": "part 1",
        "meta": "@sys.ignore",
        "userDefined": false
      },
      {
        "text": "?",
        "userDefined": false
      }
    ],
    "isTemplate": false,
    "count": 0,
    "updated": 0
  },
  {
    "id": "f274195c-2261-42b6-b45d-c68c05ede00f",
    "data": [
      {
        "text": "When is ",
        "userDefined": false
      },
      {
        "text": "part 1",
        "meta": "@sys.ignore",
        "userDefined": false
      },
      {
        "text": " due?",
        "userDefined": false
      }
    ],
    "isTemplate": false,
    "count": 0,
    "updated": 0
  },
  {
    "id": "d55d3d13-c89e-446a-92df-fbd033a1815b",
    "data": [
      {
        "text": "When is ",
        "userDefined": false
      },
      {
        "text": "part 2",
        "meta": "@sys.ignore",
        "userDefined": false
      },
      {
        "text": " due?",
        "userDefined": false
      }
    ],
    "isTemplate": false,
    "count": 0,
    "updated": 0
  },
  {
    "id": "00427e7e-1c5b-4780-89a8-ab07c29808cd",
    "data": [
      {
        "text": "When is the deadline for part 2?",
        "userDefined": false
      }
    ],
    "isTemplate": false,
    "count": 0,
    "updated": 0
  },
  {
    "id": "04878341-70f4-4566-abba-b0a9e79b55c9",
    "data": [
      {
        "text": "When is the deadline for part 1?",
        "userDefined": false
      }
    ],
    "isTemplate": false,
    "count": 0,
    "updated": 0
  }
]