[
  {
    "id": "d5558ccd-0ad5-4d16-808c-6ef9c81892ab",
    "data": [
      {
        "text": "When is ",
        "userDefined": false
      },
      {
        "text": "part 3",
        "meta": "@sys.ignore",
        "userDefined": false
      },
      {
        "text": " due?",
        "userDefined": false
      }
    ],
    "isTemplate": false,
    "count": 0,
    "updated": 0
  },
  {
    "id": "bce10cfd-b73b-48c9-ad47-dd389a440a93",
    "data": [
      {
        "text": "Until when do we have to hand in ",
        "userDefined": false
      },
      {
        "text": "part 3",
        "meta": "@sys.ignore",
        "userDefined": false
      },
      {
        "text": "?",
        "userDefined": false
      }
    ],
    "isTemplate": false,
    "count": 0,
    "updated": 0
  },
  {
    "id": "efc0f7ec-5bd9-422d-b4eb-0f6c74fdf78f",
    "data": [
      {
        "text": "When is the deadline for ",
        "userDefined": false
      },
      {
        "text": "part 3",
        "meta": "@sys.ignore",
        "userDefined": false
      },
      {
        "text": "?",
        "userDefined": false
      }
    ],
    "isTemplate": false,
    "count": 0,
    "updated": 0
  }
]