[
  {
    "id": "893d075d-91f2-47a3-819f-a1d98fb86880",
    "data": [
      {
        "text": "What do we have to hand in for ",
        "userDefined": false
      },
      {
        "text": "part 1",
        "meta": "@sys.ignore",
        "userDefined": false
      },
      {
        "text": "?",
        "userDefined": false
      }
    ],
    "isTemplate": false,
    "count": 0,
    "updated": 0
  },
  {
    "id": "7393c809-5008-4efe-bb75-e6031888b784",
    "data": [
      {
        "text": "What are the deliverables for ",
        "userDefined": false
      },
      {
        "text": "part 1",
        "meta": "@sys.ignore",
        "userDefined": false
      },
      {
        "text": "?",
        "userDefined": false
      }
    ],
    "isTemplate": false,
    "count": 0,
    "updated": 0
  }
]