[
  {
    "id": "15f12444-7498-4534-8142-5d79c1df80b7",
    "data": [
      {
        "text": "What do we have to do for ",
        "userDefined": false
      },
      {
        "text": "part 2",
        "meta": "@sys.ignore",
        "userDefined": false
      },
      {
        "text": "?",
        "userDefined": false
      }
    ],
    "isTemplate": false,
    "count": 0,
    "updated": 0
  },
  {
    "id": "8c6b8d79-c1e6-4b5f-be04-69f3d7957a15",
    "data": [
      {
        "text": "What are the deliverables for ",
        "userDefined": false
      },
      {
        "text": "part 2",
        "meta": "@sys.ignore",
        "userDefined": false
      },
      {
        "text": "?",
        "userDefined": false
      }
    ],
    "isTemplate": false,
    "count": 0,
    "updated": 0
  }
]