[
  {
    "id": "041f9e6d-ea63-44e8-b890-e63f4eab1a23",
    "data": [
      {
        "text": "We don\u0027t have our own company, do we also have to do ",
        "userDefined": false
      },
      {
        "text": "part 1",
        "meta": "@sys.ignore",
        "userDefined": false
      },
      {
        "text": "?",
        "userDefined": false
      }
    ],
    "isTemplate": false,
    "count": 0,
    "updated": 0
  },
  {
    "id": "02b5f28a-c66c-4821-bbbe-ac3f509b1dfd",
    "data": [
      {
        "text": "We do the project for a given company. Do we have to do part 1?",
        "userDefined": false
      }
    ],
    "isTemplate": false,
    "count": 0,
    "updated": 0
  }
]