[
  {
    "id": "6da6f242-abed-491e-b6ad-b7570b918fe6",
    "data": [
      {
        "text": "dimensions must have ",
        "userDefined": false
      },
      {
        "text": "one",
        "meta": "@sys.ignore",
        "userDefined": false
      },
      {
        "text": " unique value for each fact",
        "userDefined": false
      }
    ],
    "isTemplate": false,
    "count": 0,
    "updated": 0
  },
  {
    "id": "0d54761f-0aa3-4f82-b945-26e549917537",
    "data": [
      {
        "text": "it must be possible to associate one single value of each dimension to a given fact",
        "userDefined": false
      }
    ],
    "isTemplate": false,
    "count": 0,
    "updated": 0
  }
]